run_id,experiment,outcome_score,success,attempted,submitted,agent_performance_in_galaxy_score,limitation_class,primary_signal,has_galaxy_limitation_evidence,material_external_workaround,missing_tool_or_output_capability,schema_or_api_constraint,service_or_queue_constraint,galaxy_error_count,recovered_galaxy_error_count,unrecovered_galaxy_error_count,total_error_count,has_galaxy_route,included_in_figures,external_manipulation,notes,evidence_excerpt
20260417_223209_bioagent_task_1_alzheimer-mouse,bioagent_task_1_alzheimer-mouse,0.425,False,True,False,40.0,"Galaxy friction, final failure",Galaxy job/tool error,True,False,False,False,False,6,6,0,6,True,True,,,"{""dataset_hid"": 66, ""dataset_id"": ""f9cad7b01a4721359a1f623b1230f030"", ""dataset_name"": ""DESeq2 result file on dataset 37"", ""error_message"": ""Error in data.frame(sample = basename(filenames_in), filename = filenames_in, : \n duplicate row.names: /corral4/main/objects/9/d/4/dataset_9d4f92d9-fcf7-466d-8a5a-8e488ec8d39b.dat"", ""error_signature"": ""duplicate row.names from repeated dataset binding"", ""fixed"": true, ""history_id"": ""bbd44e69cb8906b56adf8f3d859d4301"", ""job_id"": ""bbd44e69cb8906b567fbfcef2c052aa8"", ""resolution"": ""Recovered in preserved history before final successful outputs were produced."","
20260424_172832_bioagent_task_2_comparative-genomics,bioagent_task_2_comparative-genomics,0.0,False,True,False,60.0,Galaxy-blocked failure,API/schema friction,True,False,False,True,False,5,1,4,5,True,True,,,[Errno 2] No such file or directory: '/Users/4475918/Projects/Galaxy_benchmark/outputs/.env' | roary_gene_presence_absence entered terminal dataset state error
20260427_181815_bioagent_task_3_cystic-fibrosis,bioagent_task_3_cystic-fibrosis,1.0,True,True,False,80.0,Galaxy friction recovered,service/queue/disabled,True,False,False,False,True,2,2,0,2,True,True,,,"Expanded 507 MB family VCF upload created a queued zero-byte Galaxy dataset and did not progress after repeated one-minute polling checks. | Compressed family VCF upload remained a queued zero-byte __DATA_FETCH__ Galaxy job through check 9, including extended 15-minute polling cadence; no stdout, stderr, or terminal failure message was available."
20260430T152905Z_medium_experiment_1,experiment_1,1.0,True,True,False,100.0,No explicit Galaxy limitation,none,False,False,False,False,False,0,0,0,0,True,True,,,"{""Evaluation_questions"": {""agent_execution"": {""answer"": ""yes"", ""basis"": [""Galaxy history, uploads, Tabular Learner execution, downloads, and trace snapshots were produced.""], ""failure_count"": 0, ""question"": ""Does the age"
20260430T164923Z_low_context_experiment_1,experiment_1,0.0,False,True,False,60.0,Galaxy-blocked failure,missing output/tool capability,True,False,True,True,False,2,2,0,2,True,True,,"[""Original Galaxy output contains predicted classes only; probability-dependent metrics were not available.""]","[""Original Galaxy output contains predicted classes only; probability-dependent metrics were not available.""] | Parameter 'col1': an invalid option (None) was selected, please verify | Parameter 'col1': an invalid option (None) was selected, please verify"
20260430_104150_high_context_experiment_1,high_context_experiment_1,1.0,True,True,False,60.0,Galaxy friction recovered,API/schema friction,True,False,False,True,False,4,4,0,4,True,True,,,At least one Galaxy dataset entered error state | At least one Galaxy dataset entered error state
20260501T143346Z_bixbench_task_1,bixbench_task_1,0.0,False,True,True,70.0,Galaxy-blocked failure,API/schema friction,True,False,False,True,False,3,3,0,3,True,True,No external scientific manipulation recorded; execution artifacts do not show local derived-input preparation beyond standard file upload/preservation.,,Galaxy returned 400: Must specify a valid tool_id to use this endpoint. | duplicate row.names because nested API payload selected only one dataset for both factor levels
20260501T145607Z_galaxy_bixbench_task_2,BixBench task 2,0.0,False,True,True,,Galaxy-blocked failure,external workaround,True,True,False,True,True,4,3,1,4,True,True,"Non-Galaxy preparation created DESeq2/enrichment-ready inputs and intermediate files from public data; Galaxy DESeq2/g:Profiler were used where recorded, but local preparation materially shaped the analysis inputs and answer extraction.",,"Non-Galaxy preparation created DESeq2/enrichment-ready inputs and intermediate files from public data; Galaxy DESeq2/g:Profiler were used where recorded, but local preparation materially shaped the analysis inputs and answer extraction. | Galaxy Interactive Tools are temporarily disabled, but should be available again within 24 hours (on May 1). | Upload parameter space_to_tab accepts only Yes on this Galaxy upload tool; using No rejected all prepared files."
20260501T152124Z_galaxy_bixbench_task_205,BixBench task 205,1.0,True,True,True,,"Galaxy-limited, solved via workaround",external workaround,True,True,False,False,False,0,0,0,0,True,True,Non-Galaxy preparation converted the workbook into a tidy differential-expression table and applied task-specific filtering/grouping structure; Galaxy query_tabular extracted the submitted tissue answer from that prepared table.,,Non-Galaxy preparation converted the workbook into a tidy differential-expression table and applied task-specific filtering/grouping structure; Galaxy query_tabular extracted the submitted tissue answer from that prepared table.
20260501T195047Z_galaxy_bixbench_task_60,BixBench task 60,0.0,False,True,True,,"Galaxy-limited, workaround insufficient",external workaround,True,True,False,False,False,1,1,0,1,True,True,Non-Galaxy preparation parsed SCOGS/tree/alignment metrics into task60_gene_metrics.tsv; Galaxy query_tabular selected the submitted scalar from that prepared metrics table.,,Non-Galaxy preparation parsed SCOGS/tree/alignment metrics into task60_gene_metrics.tsv; Galaxy query_tabular selected the submitted scalar from that prepared metrics table. | SQL syntax error because column name group is reserved.
20260501T195810Z_galaxy_bixbench_task_66,BixBench task 66,0.0,False,True,True,,"Galaxy-limited, workaround insufficient",external workaround,True,True,False,False,False,0,0,0,0,True,True,"Non-Galaxy preparation built the log10(x+1) samples-by-genes matrix and computed or organized PCA variance-derived values; Galaxy PCA/query tools were used where recorded, with final extraction from a prepared variance table.",,"Non-Galaxy preparation built the log10(x+1) samples-by-genes matrix and computed or organized PCA variance-derived values; Galaxy PCA/query tools were used where recorded, with final extraction from a prepared variance table."
20260501T224433Z_galaxy_bixbench_task_3,bixbench_task_3,0.0,False,True,True,100.0,"Galaxy-limited, workaround insufficient",external workaround,True,True,False,False,False,0,0,0,0,True,True,Non-Galaxy preparation produced task-specific BCG/adverse-event statistical result tables from public data; Galaxy query_tabular extracted the submitted answer from those prepared tables.,,Non-Galaxy preparation produced task-specific BCG/adverse-event statistical result tables from public data; Galaxy query_tabular extracted the submitted answer from those prepared tables.
20260501T224637Z_galaxy_bixbench_task_4,bixbench_task_4,1.0,True,True,True,100.0,"Galaxy-limited, solved via workaround",external workaround,True,True,False,False,False,0,0,0,0,True,True,Non-Galaxy preparation produced task-specific BCG/adverse-event statistical result tables from public data; Galaxy query_tabular extracted the submitted answer from those prepared tables.,,Non-Galaxy preparation produced task-specific BCG/adverse-event statistical result tables from public data; Galaxy query_tabular extracted the submitted answer from those prepared tables.
20260501T224810Z_galaxy_bixbench_task_5,bixbench_task_5,0.0,False,True,True,100.0,"Galaxy-limited, workaround insufficient",external workaround,True,True,False,False,False,0,0,0,0,True,True,Non-Galaxy preparation produced task-specific BCG/adverse-event statistical result tables from public data; Galaxy query_tabular extracted the submitted answer from those prepared tables.,,Non-Galaxy preparation produced task-specific BCG/adverse-event statistical result tables from public data; Galaxy query_tabular extracted the submitted answer from those prepared tables.
20260501T224929Z_galaxy_bixbench_task_6,bixbench_task_6,0.0,False,True,True,100.0,"Galaxy-limited, workaround insufficient",external workaround,True,True,False,False,False,0,0,0,0,True,True,Non-Galaxy preparation produced task-specific BCG/adverse-event statistical result tables from public data; Galaxy query_tabular extracted the submitted answer from those prepared tables.,,Non-Galaxy preparation produced task-specific BCG/adverse-event statistical result tables from public data; Galaxy query_tabular extracted the submitted answer from those prepared tables.
20260501T225047Z_galaxy_bixbench_task_7,bixbench_task_7,1.0,True,True,True,100.0,"Galaxy-limited, solved via workaround",external workaround,True,True,False,False,False,0,0,0,0,True,True,Non-Galaxy preparation produced task-specific BCG/adverse-event statistical result tables from public data; Galaxy query_tabular extracted the submitted answer from those prepared tables.,,Non-Galaxy preparation produced task-specific BCG/adverse-event statistical result tables from public data; Galaxy query_tabular extracted the submitted answer from those prepared tables.
20260501T225254Z_galaxy_bixbench_task_8,bixbench_task_8,0.0,False,True,True,100.0,"Galaxy-limited, workaround insufficient",external workaround,True,True,False,False,False,0,0,0,0,True,True,Non-Galaxy preparation produced task-specific BCG/adverse-event statistical result tables from public data; Galaxy query_tabular extracted the submitted answer from those prepared tables.,,Non-Galaxy preparation produced task-specific BCG/adverse-event statistical result tables from public data; Galaxy query_tabular extracted the submitted answer from those prepared tables.
20260501T225529Z_galaxy_bixbench_task_9,bixbench_task_9,0.0,False,True,True,100.0,"Galaxy-limited, workaround insufficient",external workaround,True,True,False,False,False,0,0,0,0,True,True,Non-Galaxy preparation produced task-specific BCG/adverse-event statistical result tables from public data; Galaxy query_tabular extracted the submitted answer from those prepared tables.,,Non-Galaxy preparation produced task-specific BCG/adverse-event statistical result tables from public data; Galaxy query_tabular extracted the submitted answer from those prepared tables.
20260501T225744Z_galaxy_bixbench_task_10,bixbench_task_10,1.0,True,True,True,100.0,"Galaxy-limited, solved via workaround",external workaround,True,True,False,False,False,0,0,0,0,True,True,Non-Galaxy preparation parsed tree metric files and summarized treeness-related statistics into task-specific tables; Galaxy query_tabular extracted the submitted answer from those prepared tables.,,Non-Galaxy preparation parsed tree metric files and summarized treeness-related statistics into task-specific tables; Galaxy query_tabular extracted the submitted answer from those prepared tables.
20260502T103945Z_galaxy_bixbench_task_11,bixbench_task_11,1.0,True,True,True,100.0,"Galaxy-limited, solved via workaround",external workaround,True,True,False,False,False,0,0,0,0,True,True,Non-Galaxy preparation parsed tree metric files and summarized treeness-related statistics into task-specific tables; Galaxy query_tabular extracted the submitted answer from those prepared tables.,,Non-Galaxy preparation parsed tree metric files and summarized treeness-related statistics into task-specific tables; Galaxy query_tabular extracted the submitted answer from those prepared tables.
20260502T104118Z_galaxy_bixbench_task_12,bixbench_task_12,1.0,True,True,True,100.0,"Galaxy-limited, solved via workaround",external workaround,True,True,False,False,False,0,0,0,0,True,True,Non-Galaxy preparation parsed tree metric files and summarized treeness-related statistics into task-specific tables; Galaxy query_tabular extracted the submitted answer from those prepared tables.,,Non-Galaxy preparation parsed tree metric files and summarized treeness-related statistics into task-specific tables; Galaxy query_tabular extracted the submitted answer from those prepared tables.
20260502T104242Z_galaxy_bixbench_task_13,bixbench_task_13,1.0,True,True,True,100.0,"Galaxy-limited, solved via workaround",external workaround,True,True,False,False,False,0,0,0,0,True,True,Non-Galaxy preparation parsed tree metric files and summarized treeness-related statistics into task-specific tables; Galaxy query_tabular extracted the submitted answer from those prepared tables.,,Non-Galaxy preparation parsed tree metric files and summarized treeness-related statistics into task-specific tables; Galaxy query_tabular extracted the submitted answer from those prepared tables.
20260502T104412Z_galaxy_bixbench_task_14,bixbench_task_14,1.0,True,True,True,100.0,"Galaxy-limited, solved via workaround",external workaround,True,True,False,False,False,0,0,0,0,True,True,Non-Galaxy preparation parsed tree metric files and summarized treeness-related statistics into task-specific tables; Galaxy query_tabular extracted the submitted answer from those prepared tables.,,Non-Galaxy preparation parsed tree metric files and summarized treeness-related statistics into task-specific tables; Galaxy query_tabular extracted the submitted answer from those prepared tables.
20260502T104559Z_galaxy_bixbench_task_15,bixbench_task_15,1.0,True,True,True,100.0,"Galaxy-limited, solved via workaround",external workaround,True,True,False,False,False,0,0,0,0,True,True,Non-Galaxy preparation parsed tree metric files and summarized treeness-related statistics into task-specific tables; Galaxy query_tabular extracted the submitted answer from those prepared tables.,,Non-Galaxy preparation parsed tree metric files and summarized treeness-related statistics into task-specific tables; Galaxy query_tabular extracted the submitted answer from those prepared tables.
20260502T104810Z_galaxy_bixbench_task_16,bixbench_task_16,,False,True,False,,Excluded: incomplete/no scored Galaxy-only route,other,True,False,False,False,False,0,0,0,1,False,False,No external scientific manipulation recorded; execution artifacts do not show local derived-input preparation beyond standard file upload/preservation.,,
20260502T105001Z_galaxy_bixbench_task_16,bixbench_task_16,,False,True,False,,Excluded: incomplete/no scored Galaxy-only route,other,True,False,False,False,False,0,0,0,1,False,False,No external scientific manipulation recorded; execution artifacts do not show local derived-input preparation beyond standard file upload/preservation.,,
20260502T105204Z_galaxy_bixbench_task_16,bixbench_task_16,0.0,False,True,True,100.0,"Galaxy-limited, workaround insufficient",external workaround,True,True,False,False,False,0,0,0,0,True,True,Non-Galaxy preparation computed alignment/parsimony metrics and comparison statistics from public alignment files; Galaxy query_tabular extracted the submitted answer from the prepared table.,,Non-Galaxy preparation computed alignment/parsimony metrics and comparison statistics from public alignment files; Galaxy query_tabular extracted the submitted answer from the prepared table.
20260502T105325Z_galaxy_bixbench_task_17,bixbench_task_17,0.0,False,True,True,100.0,"Galaxy-limited, workaround insufficient",external workaround,True,True,False,False,False,0,0,0,0,True,True,Non-Galaxy preparation computed alignment/parsimony metrics and comparison statistics from public alignment files; Galaxy query_tabular extracted the submitted answer from the prepared table.,,Non-Galaxy preparation computed alignment/parsimony metrics and comparison statistics from public alignment files; Galaxy query_tabular extracted the submitted answer from the prepared table.
20260502T105455Z_galaxy_bixbench_task_18,bixbench_task_18,0.0,False,True,True,100.0,"Galaxy-limited, workaround insufficient",external workaround,True,True,False,False,False,0,0,0,0,True,True,Non-Galaxy preparation computed alignment/parsimony metrics and comparison statistics from public alignment files; Galaxy query_tabular extracted the submitted answer from the prepared table.,,Non-Galaxy preparation computed alignment/parsimony metrics and comparison statistics from public alignment files; Galaxy query_tabular extracted the submitted answer from the prepared table.
20260502T105630Z_galaxy_bixbench_task_19,bixbench_task_19,0.0,False,True,True,100.0,"Galaxy-limited, workaround insufficient",external workaround,True,True,False,False,False,0,0,0,0,True,True,Non-Galaxy preparation computed alignment/parsimony metrics and comparison statistics from public alignment files; Galaxy query_tabular extracted the submitted answer from the prepared table.,,Non-Galaxy preparation computed alignment/parsimony metrics and comparison statistics from public alignment files; Galaxy query_tabular extracted the submitted answer from the prepared table.
20260502T105743Z_galaxy_bixbench_task_20,bixbench_task_20,0.0,False,True,True,100.0,"Galaxy-limited, workaround insufficient",external workaround,True,True,False,False,False,0,0,0,0,True,True,Non-Galaxy preparation computed alignment/parsimony metrics and comparison statistics from public alignment files; Galaxy query_tabular extracted the submitted answer from the prepared table.,,Non-Galaxy preparation computed alignment/parsimony metrics and comparison statistics from public alignment files; Galaxy query_tabular extracted the submitted answer from the prepared table.
20260502T105928Z_galaxy_bixbench_task_21,bixbench_task_21,,False,True,False,,Excluded: incomplete/no scored Galaxy-only route,other,True,False,False,False,False,0,0,0,1,False,False,No external scientific manipulation recorded; execution artifacts do not show local derived-input preparation beyond standard file upload/preservation.,,
20260502T110104Z_galaxy_bixbench_task_21,bixbench_task_21,0.0,False,True,True,100.0,"Galaxy-limited, workaround insufficient",external workaround,True,True,False,False,False,0,0,0,0,True,True,Non-Galaxy preparation computed RNA differential-expression summary/answer tables from public data; Galaxy query_tabular extracted the submitted answer from those prepared tables.,,Non-Galaxy preparation computed RNA differential-expression summary/answer tables from public data; Galaxy query_tabular extracted the submitted answer from those prepared tables.
20260502T110404Z_galaxy_bixbench_task_22,bixbench_task_22,0.0,False,True,True,100.0,"Galaxy-limited, workaround insufficient",external workaround,True,True,False,False,False,0,0,0,0,True,True,Non-Galaxy preparation computed RNA differential-expression summary/answer tables from public data; Galaxy query_tabular extracted the submitted answer from those prepared tables.,,Non-Galaxy preparation computed RNA differential-expression summary/answer tables from public data; Galaxy query_tabular extracted the submitted answer from those prepared tables.
20260502T110617Z_galaxy_bixbench_task_23,bixbench_task_23,0.0,False,True,True,100.0,"Galaxy-limited, workaround insufficient",external workaround,True,True,False,False,False,0,0,0,0,True,True,Non-Galaxy preparation computed RNA differential-expression summary/answer tables from public data; Galaxy query_tabular extracted the submitted answer from those prepared tables.,,Non-Galaxy preparation computed RNA differential-expression summary/answer tables from public data; Galaxy query_tabular extracted the submitted answer from those prepared tables.
20260502T110802Z_galaxy_bixbench_task_24,bixbench_task_24,0.0,False,True,True,100.0,"Galaxy-limited, workaround insufficient",external workaround,True,True,False,False,False,0,0,0,0,True,True,Non-Galaxy preparation computed RNA differential-expression summary/answer tables from public data; Galaxy query_tabular extracted the submitted answer from those prepared tables.,,Non-Galaxy preparation computed RNA differential-expression summary/answer tables from public data; Galaxy query_tabular extracted the submitted answer from those prepared tables.
20260502T111532Z_galaxy_bixbench_task_25,bixbench_task_25,0.0,False,True,True,100.0,"Galaxy-limited, workaround insufficient",external workaround,True,True,False,False,False,0,0,0,0,True,True,Non-Galaxy preparation computed RNA differential-expression summary/answer tables from public data; Galaxy query_tabular extracted the submitted answer from those prepared tables.,,Non-Galaxy preparation computed RNA differential-expression summary/answer tables from public data; Galaxy query_tabular extracted the submitted answer from those prepared tables.
20260502T202558Z_galaxy_bixbench_task_36_galaxyanalysis,bixbench_task_36,1.0,True,True,True,100.0,"Galaxy-limited, solved via workaround",external workaround,True,True,False,False,False,0,0,0,0,True,True,Non-Galaxy preparation converted the swarming CSV into tab-delimited upload format without calculating the submitted answer. Galaxy awk performed the grouping/statistical calculation used for the submitted answer.,,Non-Galaxy preparation converted the swarming CSV into tab-delimited upload format without calculating the submitted answer. Galaxy awk performed the grouping/statistical calculation used for the submitted answer.
20260502T202644Z_galaxy_bixbench_task_37_galaxyanalysis,bixbench_task_37,1.0,True,True,True,100.0,"Galaxy-limited, solved via workaround",external workaround,True,True,False,False,False,0,0,0,0,True,True,Non-Galaxy preparation converted the swarming CSV into tab-delimited upload format without calculating the submitted answer. Galaxy awk performed the grouping/statistical calculation used for the submitted answer.,,Non-Galaxy preparation converted the swarming CSV into tab-delimited upload format without calculating the submitted answer. Galaxy awk performed the grouping/statistical calculation used for the submitted answer.
20260502T202908Z_galaxy_bixbench_task_38_galaxyanalysis,bixbench_task_38,1.0,True,True,True,100.0,"Galaxy-limited, solved via workaround",external workaround,True,True,False,False,False,0,0,0,0,True,True,Non-Galaxy preparation converted the swarming CSV into tab-delimited upload format without calculating the submitted answer. Galaxy awk performed the grouping/statistical calculation used for the submitted answer.,,Non-Galaxy preparation converted the swarming CSV into tab-delimited upload format without calculating the submitted answer. Galaxy awk performed the grouping/statistical calculation used for the submitted answer.
20260502T203007Z_galaxy_bixbench_task_39_galaxyanalysis,bixbench_task_39,1.0,True,True,True,100.0,"Galaxy-limited, solved via workaround",external workaround,True,True,False,False,False,0,0,0,0,True,True,"Non-Galaxy preparation converted the NeuN CSV into tab-delimited upload format without calculating the submitted answer. Galaxy awk performed the effect-size, power, Shapiro-Wilk W, or ANOVA interaction calculation used for the submitted answer.",,"Non-Galaxy preparation converted the NeuN CSV into tab-delimited upload format without calculating the submitted answer. Galaxy awk performed the effect-size, power, Shapiro-Wilk W, or ANOVA interaction calculation used for the submitted answer."
20260502T203053Z_galaxy_bixbench_task_40_galaxyanalysis,bixbench_task_40,1.0,True,True,True,100.0,"Galaxy-limited, solved via workaround",external workaround,True,True,False,False,False,0,0,0,0,True,True,"Non-Galaxy preparation converted the NeuN CSV into tab-delimited upload format without calculating the submitted answer. Galaxy awk performed the effect-size, power, Shapiro-Wilk W, or ANOVA interaction calculation used for the submitted answer.",,"Non-Galaxy preparation converted the NeuN CSV into tab-delimited upload format without calculating the submitted answer. Galaxy awk performed the effect-size, power, Shapiro-Wilk W, or ANOVA interaction calculation used for the submitted answer."
20260502T203144Z_galaxy_bixbench_task_41_galaxyanalysis,bixbench_task_41,1.0,True,True,True,100.0,"Galaxy-limited, solved via workaround",external workaround,True,True,False,False,False,0,0,0,0,True,True,"Non-Galaxy preparation converted the NeuN CSV into tab-delimited upload format without calculating the submitted answer. Galaxy awk performed the effect-size, power, Shapiro-Wilk W, or ANOVA interaction calculation used for the submitted answer.",,"Non-Galaxy preparation converted the NeuN CSV into tab-delimited upload format without calculating the submitted answer. Galaxy awk performed the effect-size, power, Shapiro-Wilk W, or ANOVA interaction calculation used for the submitted answer."
20260502T203245Z_galaxy_bixbench_task_42_galaxyanalysis,bixbench_task_42,1.0,True,True,True,100.0,"Galaxy-limited, solved via workaround",external workaround,True,True,False,False,False,0,0,0,0,True,True,"Non-Galaxy preparation converted the NeuN CSV into tab-delimited upload format without calculating the submitted answer. Galaxy awk performed the effect-size, power, Shapiro-Wilk W, or ANOVA interaction calculation used for the submitted answer.",,"Non-Galaxy preparation converted the NeuN CSV into tab-delimited upload format without calculating the submitted answer. Galaxy awk performed the effect-size, power, Shapiro-Wilk W, or ANOVA interaction calculation used for the submitted answer."
20260502T203346Z_galaxy_bixbench_task_43_galaxyanalysis,bixbench_task_43,1.0,True,True,True,100.0,"Galaxy-limited, solved via workaround",external workaround,True,True,False,False,False,0,0,0,0,True,True,"Non-Galaxy preparation converted the NeuN CSV into tab-delimited upload format without calculating the submitted answer. Galaxy awk performed the effect-size, power, Shapiro-Wilk W, or ANOVA interaction calculation used for the submitted answer.",,"Non-Galaxy preparation converted the NeuN CSV into tab-delimited upload format without calculating the submitted answer. Galaxy awk performed the effect-size, power, Shapiro-Wilk W, or ANOVA interaction calculation used for the submitted answer."
20260502T203545Z_galaxy_bixbench_task_45_galaxyanalysis,bixbench_task_45,1.0,True,True,True,100.0,"Galaxy-limited, solved via workaround",external workaround,True,True,False,False,False,0,0,0,0,True,True,Non-Galaxy preparation converted source Excel variant workbooks into a single tabular TSV and added cohort metadata from the Trio Status workbook. Galaxy awk performed the cohort/VAF filtering and proportion calculation used for the submitted answer.,,Non-Galaxy preparation converted source Excel variant workbooks into a single tabular TSV and added cohort metadata from the Trio Status workbook. Galaxy awk performed the cohort/VAF filtering and proportion calculation used for the submitted answer.
20260502T205111Z_galaxy_bixbench_task_44_galaxyanalysis,bixbench_task_44,1.0,True,True,True,100.0,"Galaxy-limited, solved via workaround",external workaround,True,True,False,False,False,0,0,0,0,True,True,Non-Galaxy preparation converted source Excel variant workbooks into a single tabular TSV and added cohort metadata from the Trio Status workbook. Galaxy awk performed the cohort/VAF filtering and proportion calculation used for the submitted answer.,,Non-Galaxy preparation converted source Excel variant workbooks into a single tabular TSV and added cohort metadata from the Trio Status workbook. Galaxy awk performed the cohort/VAF filtering and proportion calculation used for the submitted answer.
20260502T213135Z_galaxy_bixbench_task_26_galaxyanalysis,bixbench_task_26,0.0,False,True,True,100.0,"Galaxy-limited, workaround insufficient",external workaround,True,True,False,False,False,0,0,0,0,True,True,Non-Galaxy preparation converted source Excel workbooks into a single tabular TSV and joined sample/cohort metadata to variant rows. Galaxy awk performed the filtering/counting/proportion calculation used for the submitted answer.,,Non-Galaxy preparation converted source Excel workbooks into a single tabular TSV and joined sample/cohort metadata to variant rows. Galaxy awk performed the filtering/counting/proportion calculation used for the submitted answer.
20260502T213249Z_galaxy_bixbench_task_27_galaxyanalysis,bixbench_task_27,0.0,False,True,True,100.0,"Galaxy-limited, workaround insufficient",external workaround,True,True,False,False,False,0,0,0,0,True,True,Non-Galaxy preparation converted source Excel workbooks into a single tabular TSV and joined sample/cohort metadata to variant rows. Galaxy awk performed the filtering/counting/proportion calculation used for the submitted answer.,,Non-Galaxy preparation converted source Excel workbooks into a single tabular TSV and joined sample/cohort metadata to variant rows. Galaxy awk performed the filtering/counting/proportion calculation used for the submitted answer.
20260502T213433Z_galaxy_bixbench_task_28_galaxyanalysis,bixbench_task_28,1.0,True,True,True,100.0,"Galaxy-limited, solved via workaround",external workaround,True,True,False,False,False,0,0,0,0,True,True,Non-Galaxy preparation converted source Excel workbooks into a single tabular TSV and joined sample/cohort metadata to variant rows. Galaxy awk performed the filtering/counting/proportion calculation used for the submitted answer.,,Non-Galaxy preparation converted source Excel workbooks into a single tabular TSV and joined sample/cohort metadata to variant rows. Galaxy awk performed the filtering/counting/proportion calculation used for the submitted answer.
20260502T213526Z_galaxy_bixbench_task_29_galaxyanalysis,bixbench_task_29,1.0,True,True,True,100.0,"Galaxy-limited, solved via workaround",external workaround,True,True,True,False,False,0,0,0,0,True,True,Non-Galaxy preparation aligned CRISPR gene-effect and expression matrices and computed a per-gene Spearman rho/p-value table because usegalaxy.org lacked a suitable generic Spearman/BH tool for these wide matrices. Galaxy awk performed the final selection/count/BH-percentage operation used for the submitted answer.,,Non-Galaxy preparation aligned CRISPR gene-effect and expression matrices and computed a per-gene Spearman rho/p-value table because usegalaxy.org lacked a suitable generic Spearman/BH tool for these wide matrices. Galaxy awk performed the final selection/count/BH-percentage operation used for the submitted answer.
20260502T213803Z_galaxy_bixbench_task_30_galaxyanalysis,bixbench_task_30,0.0,False,True,True,100.0,"Galaxy-limited, workaround insufficient",external workaround,True,True,False,False,False,0,0,0,0,True,True,Non-Galaxy preparation converted the expression CSV into tab-delimited upload format without calculating the submitted answer. Galaxy awk computed skewness over the uploaded matrix values.,,Non-Galaxy preparation converted the expression CSV into tab-delimited upload format without calculating the submitted answer. Galaxy awk computed skewness over the uploaded matrix values.
20260502T214449Z_galaxy_bixbench_task_31_galaxyanalysis,bixbench_task_31,0.0,False,True,True,100.0,"Galaxy-limited, workaround insufficient",external workaround,True,True,True,False,False,0,0,0,0,True,True,Non-Galaxy preparation aligned CRISPR gene-effect and expression matrices and computed a per-gene Spearman rho/p-value table because usegalaxy.org lacked a suitable generic Spearman/BH tool for these wide matrices. Galaxy awk performed the final selection/count/BH-percentage operation used for the submitted answer.,,Non-Galaxy preparation aligned CRISPR gene-effect and expression matrices and computed a per-gene Spearman rho/p-value table because usegalaxy.org lacked a suitable generic Spearman/BH tool for these wide matrices. Galaxy awk performed the final selection/count/BH-percentage operation used for the submitted answer.
20260502T214629Z_galaxy_bixbench_task_32_galaxyanalysis,bixbench_task_32,1.0,True,True,True,100.0,"Galaxy-limited, solved via workaround",external workaround,True,True,True,False,False,0,0,0,0,True,True,Non-Galaxy preparation aligned CRISPR gene-effect and expression matrices and computed a per-gene Spearman rho/p-value table because usegalaxy.org lacked a suitable generic Spearman/BH tool for these wide matrices. Galaxy awk performed the final selection/count/BH-percentage operation used for the submitted answer.,,Non-Galaxy preparation aligned CRISPR gene-effect and expression matrices and computed a per-gene Spearman rho/p-value table because usegalaxy.org lacked a suitable generic Spearman/BH tool for these wide matrices. Galaxy awk performed the final selection/count/BH-percentage operation used for the submitted answer.
20260502T214846Z_galaxy_bixbench_task_33_galaxyanalysis,bixbench_task_33,1.0,True,True,True,100.0,"Galaxy-limited, solved via workaround",external workaround,True,True,False,False,False,0,0,0,0,True,True,Non-Galaxy preparation converted source Excel workbooks into a single tabular TSV and joined sample/cohort metadata to variant rows. Galaxy awk performed the filtering/counting/proportion calculation used for the submitted answer.,,Non-Galaxy preparation converted source Excel workbooks into a single tabular TSV and joined sample/cohort metadata to variant rows. Galaxy awk performed the filtering/counting/proportion calculation used for the submitted answer.
20260502T214933Z_galaxy_bixbench_task_34_galaxyanalysis,bixbench_task_34,1.0,True,True,True,100.0,"Galaxy-limited, solved via workaround",external workaround,True,True,False,False,False,0,0,0,0,True,True,Non-Galaxy preparation converted the swarming CSV into tab-delimited upload format without calculating the submitted answer. Galaxy awk performed the grouping/statistical calculation used for the submitted answer.,,Non-Galaxy preparation converted the swarming CSV into tab-delimited upload format without calculating the submitted answer. Galaxy awk performed the grouping/statistical calculation used for the submitted answer.
20260502T215030Z_galaxy_bixbench_task_35_galaxyanalysis,bixbench_task_35,1.0,True,True,True,100.0,"Galaxy-limited, solved via workaround",external workaround,True,True,False,False,False,0,0,0,0,True,True,Non-Galaxy preparation converted the swarming CSV into tab-delimited upload format without calculating the submitted answer. Galaxy awk performed the grouping/statistical calculation used for the submitted answer.,,Non-Galaxy preparation converted the swarming CSV into tab-delimited upload format without calculating the submitted answer. Galaxy awk performed the grouping/statistical calculation used for the submitted answer.
20260506T024741Z_galaxy_bixbench_task_46_galaxyonly,bixbench_task_46,0.0,False,True,True,100.0,No explicit Galaxy limitation,none,False,False,False,False,False,0,0,0,0,True,True,,,"{""Experiment_score"": {""Galaxy_answer"": ""0.684210526316"", ""direct_ground_truth_match_score"": 0.0, ""ideal"": ""(0.80, 1.00)""}, ""Galaxy_results"": {""files"": [""HID 2: Text reformatting on dataset 1""], ""path"": [""results/galaxy_a"
20260506T025006Z_galaxy_bixbench_task_47_galaxyonly,bixbench_task_47,,False,True,False,,Excluded: incomplete/no scored Galaxy-only route,other,True,False,False,False,False,0,0,0,1,False,False,,,
20260506T025325Z_galaxy_bixbench_task_47_galaxyonly_benigninclusive,bixbench_task_47,1.0,True,True,True,100.0,No explicit Galaxy limitation,none,False,False,False,False,False,0,0,0,0,True,True,,,"{""Experiment_score"": {""Galaxy_answer"": ""1"", ""direct_ground_truth_match_score"": 1.0, ""ideal"": ""(0.9, 1.0)""}, ""Galaxy_results"": {""files"": [""HID 2: Text reformatting on dataset 1""], ""path"": [""results/galaxy_awk_answer.tsv""]"
20260506T025551Z_galaxy_bixbench_task_48_galaxyonly_benigninclusive,bixbench_task_48,0.0,False,True,True,100.0,No explicit Galaxy limitation,none,False,False,False,False,False,0,0,0,0,True,True,,,"{""Experiment_score"": {""Galaxy_answer"": ""0.787234042553"", ""direct_ground_truth_match_score"": 0.0, ""ideal"": ""(0.80, 1.00)""}, ""Galaxy_results"": {""files"": [""HID 2: Text reformatting on dataset 1""], ""path"": [""results/galaxy_a"
20260506T025818Z_galaxy_bixbench_task_49_galaxyonly_benigninclusive,bixbench_task_49,0.0,False,True,True,100.0,No explicit Galaxy limitation,none,False,False,False,False,False,0,0,0,0,True,True,,,"{""Experiment_score"": {""Galaxy_answer"": ""0.77358490566"", ""direct_ground_truth_match_score"": 0.0, ""ideal"": ""(0.80, 1.00)""}, ""Galaxy_results"": {""files"": [""HID 2: Text reformatting on dataset 1""], ""path"": [""results/galaxy_aw"
20260506T030039Z_galaxy_bixbench_task_49_galaxyonly_promptliteral,bixbench_task_49,0.0,False,True,True,90.0,Galaxy-blocked failure,Galaxy job/tool error,True,False,False,False,False,1,1,0,1,True,True,,,Galaxy awk failed because the generated printf format string contained a literal newline.
20260506T030042Z_galaxy_bixbench_task_50_galaxyonly_benigninclusive,bixbench_task_50,0.0,False,True,True,100.0,No explicit Galaxy limitation,none,False,False,False,False,False,0,0,0,0,True,True,,,"{""Experiment_score"": {""Galaxy_answer"": ""NA"", ""direct_ground_truth_match_score"": 0.0, ""ideal"": ""0.62""}, ""Galaxy_results"": {""files"": [""HID 2: Text reformatting on dataset 1""], ""path"": [""results/galaxy_awk_answer.tsv""]}, ""G"
20260506T030526Z_galaxy_bixbench_task_50_galaxyonly_saturation,bixbench_task_50,0.0,False,True,True,90.0,No explicit Galaxy limitation,none,False,False,False,False,False,0,0,0,0,True,True,,,"{""Experiment_score"": {""Galaxy_answer"": ""NA"", ""direct_ground_truth_match_score"": 0.0, ""ideal"": ""0.62""}, ""Galaxy_results"": {""files"": [""HID 2: Text reformatting on dataset 1""], ""path"": [""results/galaxy_awk_answer.tsv""]}, ""G"
